{
  "epoch": [
    1.0,
    2.0,
    3.0,
    4.0,
    5.0,
    6.0,
    7.0,
    8.0,
    9.0,
    10.0
  ],
  "train_loss": [
    0.04548417857406075,
    0.03470563838497812,
    0.027610721558052307,
    0.021811323628767133,
    0.016819584734089378,
    0.012833487391819571,
    0.009790630707714965,
    0.007899743527089423,
    0.006637603141800744,
    0.005675427769881097
  ],
  "train_f1_micro": [
    0.7490245603453151,
    0.8024569845435987,
    0.8446458195829394,
    0.880056452324248,
    0.9086283729253658,
    0.9325622152120575,
    0.9504693394157382,
    0.9602790632449867,
    0.9678595851379075,
    0.9730761819678736
  ],
  "train_f1_macro": [
    0.5447954465274408,
    0.6561183508540902,
    0.7258114204764196,
    0.7857282606160086,
    0.8328623911256844,
    0.8715068561848008,
    0.9064633726951886,
    0.9210971647248428,
    0.9363678006992572,
    0.9485686881394771
  ],
  "val_f1_micro": [
    0.7567472217322279,
    0.7570560914612362,
    0.7773009060562709,
    0.7658998646820027,
    0.7710654322924839,
    0.7620599739243807,
    0.7623529411764706,
    0.7635346388020405,
    0.7590834697217675,
    0.7522168311862139
  ],
  "val_f1_macro": [
    0.43253132605099304,
    0.5346054434124003,
    0.6360209819493381,
    0.6421829910462041,
    0.659973084863151,
    0.6236274194790843,
    0.6002320184017617,
    0.6160558952449363,
    0.6103616246065644,
    0.5969173697614534
  ]
}