{
  "epoch": [
    1,
    2,
    3,
    4,
    5,
    6,
    7,
    8,
    9,
    10
  ],
  "train_loss": [
    0.5905906139476464,
    0.39881292678148367,
    0.3849871253613198,
    0.3756302115980001,
    0.3703728812838914,
    0.3654108808313653,
    0.3610397209952779,
    0.36003238453096387,
    0.35821645125553087,
    0.35607354243258293
  ],
  "train_f1_micro": [
    0.5523338849720024,
    0.634906015824507,
    0.6429436072964061,
    0.6464512106411722,
    0.6512772778984383,
    0.6509386941352384,
    0.6556651570610252,
    0.6552748885586924,
    0.6568422793129818,
    0.6603928997981962
  ],
  "train_f1_macro": [
    0.29382028578440683,
    0.35695421101443037,
    0.39177042050333943,
    0.40916583464460293,
    0.42556816371435785,
    0.43299727167380336,
    0.4528610317128761,
    0.45208692438987025,
    0.4522951667356246,
    0.46215111691859606
  ],
  "val_f1_micro": [
    0.6093718027419684,
    0.651285930408472,
    0.6670111972437553,
    0.6728255185637092,
    0.6319178909237271,
    0.652402256370356,
    0.6319807151466452,
    0.6487010469174098,
    0.6203514507560278,
    0.6665417759460472
  ],
  "val_f1_macro": [
    0.31933324331279467,
    0.3486147089826759,
    0.43545849734284764,
    0.40828080010296935,
    0.4066145336241341,
    0.4117677338905837,
    0.4213744496912628,
    0.43852110236541847,
    0.4062824057615866,
    0.423962803985922
  ]
}