{
  "epoch": [
    1
  ],
  "train_loss": [
    1.7721024759777702
  ],
  "train_f1_micro": [
    0.07103654555290928
  ],
  "train_f1_macro": [
    0.06910062277009489
  ],
  "val_f1_micro": [
    0.0702288708738299
  ],
  "val_f1_macro": [
    0.06835160484596416
  ]
}