{
  "epoch": [
    1,
    2,
    3,
    4,
    5,
    6,
    7,
    8,
    9,
    10
  ],
  "train_loss": [
    1.7721024759777702,
    0.8774866524272331,
    0.8547266733417712,
    0.8506829083408459,
    0.8498799148061783,
    0.8497081615215186,
    0.8496829030684906,
    0.8502898568379702,
    0.8496765362781168,
    0.8496877305762898
  ],
  "train_f1_micro": [
    0.07103654555290928,
    0.07103654555290928,
    0.07103654555290928,
    0.07103654555290928,
    0.07103654555290928,
    0.07103654555290928,
    0.07103654555290928,
    0.07103654555290928,
    0.07103654555290928,
    0.07103654555290928
  ],
  "train_f1_macro": [
    0.06910062277009489,
    0.06910062277009489,
    0.06910062277009489,
    0.06910062277009489,
    0.06910062277009489,
    0.06910062277009489,
    0.06910062277009489,
    0.06910062277009489,
    0.06910062277009489,
    0.06910062277009489
  ],
  "val_f1_micro": [
    0.0702288708738299,
    0.0702288708738299,
    0.0702288708738299,
    0.0702288708738299,
    0.0702288708738299,
    0.0702288708738299,
    0.0702288708738299,
    0.0702288708738299,
    0.0702288708738299,
    0.0702288708738299
  ],
  "val_f1_macro": [
    0.06835160484596416,
    0.06835160484596416,
    0.06835160484596416,
    0.06835160484596416,
    0.06835160484596416,
    0.06835160484596416,
    0.06835160484596416,
    0.06835160484596416,
    0.06835160484596416,
    0.06835160484596416
  ]
}