{
  "epoch": [
    1.0,
    2.0,
    3.0,
    4.0
  ],
  "train_loss": [
    0.44202648057224286,
    0.23931321713734546,
    0.19714895017850811,
    0.16109715876017355
  ],
  "train_f1_micro": [
    0.6809820922129487,
    0.782846511627907,
    0.8201616117693952,
    0.8592164624904153
  ],
  "train_f1_macro": [
    0.3694818355917778,
    0.5079903452810355,
    0.6300410389626079,
    0.7146241058508774
  ],
  "val_f1_micro": [
    0.7118320610687023,
    0.7506216696269983,
    0.7662901824500434,
    0.7726235741444867
  ],
  "val_f1_macro": [
    0.3743639112088583,
    0.4858391817924736,
    0.5847079504529104,
    0.6072057080578315
  ]
}