{
  "epoch": [
    1.0,
    2.0,
    3.0,
    4.0,
    5.0,
    6.0,
    7.0,
    8.0,
    9.0,
    10.0
  ],
  "train_loss": [
    0.44202648057224286,
    0.23931321713734546,
    0.19714895017850811,
    0.16109715876017355,
    0.13082807090134582,
    0.10263195446033105,
    0.08104992692075245,
    0.0633930984988237,
    0.05255556097680629,
    0.04383628071449457
  ],
  "train_f1_micro": [
    0.6809820922129487,
    0.782846511627907,
    0.8201616117693952,
    0.8592164624904153,
    0.8884301166340233,
    0.9149130190796857,
    0.936683593066013,
    0.9529048987315158,
    0.961915621436716,
    0.9699008374505064
  ],
  "train_f1_macro": [
    0.3694818355917778,
    0.5079903452810355,
    0.6300410389626079,
    0.7146241058508774,
    0.7739381685353911,
    0.8216275791960531,
    0.8668866449283187,
    0.897319845424165,
    0.917103397141697,
    0.9339877208237316
  ],
  "val_f1_micro": [
    0.7118320610687023,
    0.7506216696269983,
    0.7662901824500434,
    0.7726235741444867,
    0.7745349583066068,
    0.7552918537524054,
    0.7613392709879597,
    0.7630849502690363,
    0.7602073882047958,
    0.763307666555072
  ],
  "val_f1_macro": [
    0.3743639112088583,
    0.4858391817924736,
    0.5847079504529104,
    0.6072057080578315,
    0.6486578223219207,
    0.6027348866494332,
    0.6146394976066892,
    0.6081421068097791,
    0.6044661086071149,
    0.599334259395722
  ]
}