{
  "epoch": [
    1.0,
    2.0,
    3.0,
    4.0,
    5.0,
    6.0,
    7.0,
    8.0,
    9.0,
    10.0
  ],
  "train_loss": [
    3.0117627686166233,
    1.6225874343278384,
    1.239678021074079,
    1.0328662738231666,
    0.8681948894904558,
    0.7491051030606908,
    0.687579813913101,
    0.5822070120228685,
    0.540390238569102,
    0.4890307818841429
  ],
  "train_f1_micro": [
    0.4219196280305546,
    0.5394978567054501,
    0.6067191508958137,
    0.652460977354552,
    0.6932780369794367,
    0.7259693962910055,
    0.7435283594654319,
    0.7733100312666402,
    0.7902917764487754,
    0.8068159189827326
  ],
  "train_f1_macro": [
    0.3465893724287005,
    0.43209457645684973,
    0.4767223332546135,
    0.5155698903040744,
    0.5567788656203893,
    0.5928385382103424,
    0.6108991457523126,
    0.646669096347908,
    0.6673281201082353,
    0.6961990176992523
  ],
  "val_f1_micro": [
    0.4862482657308414,
    0.5147715561662659,
    0.4820326104163369,
    0.6152261254764603,
    0.5849676455948233,
    0.6840538287483625,
    0.6860367391043343,
    0.7373941105284388,
    0.7160493827160493,
    0.7285085965613755
  ],
  "val_f1_macro": [
    0.40781110669113496,
    0.4139794531624099,
    0.38479676079135555,
    0.49360054330466213,
    0.4885004904520021,
    0.5566121104820904,
    0.5704076138847758,
    0.6310014755966535,
    0.6002330974480549,
    0.6124809309223596
  ]
}