{
  "epoch": [
    1.0,
    2.0
  ],
  "train_loss": [
    3.0117627686166233,
    1.6225874343278384
  ],
  "train_f1_micro": [
    0.4219196280305546,
    0.5394978567054501
  ],
  "train_f1_macro": [
    0.3465893724287005,
    0.43209457645684973
  ],
  "val_f1_micro": [
    0.4862482657308414,
    0.5147715561662659
  ],
  "val_f1_macro": [
    0.40781110669113496,
    0.4139794531624099
  ]
}